Endereco,PrecoApto,PrecoCond,PrecoIPTU,NumQuartos,NumBanheiros,NumVagas,Area,URL
Condomínio Castelo Roma ,Rua Américo Brasiliense - Centro| São Bernardo do Campo - SP,R$ 590.000,R$ 450, ,3,2,2,110,https://www.vivareal.com.br/imovel/apartamento-3-quartos-centro-bairros-sao-bernardo-do-campo-com-garagem-110m2-venda-RS590000-id-84358858/
Condomínio L'aqua ,Rua Doná Júlia César Ferreira| 330 - Baeta Neves| São Bernardo do Campo - SP,R$ 550.000,R$ 590,R$ 1.900,3,2,2,91,https://www.vivareal.com.br/imovel/apartamento-3-quartos-baeta-neves-bairros-sao-bernardo-do-campo-com-garagem-91m2-venda-RS550000-id-89887403/
 ,Rua Cabreúva| 63 - Rudge Ramos| São Bernardo do Campo - SP,R$ 485.000,R$ 750,R$ 1.152,3,2,2,107,https://www.vivareal.com.br/imovel/apartamento-3-quartos-rudge-ramos-bairros-sao-bernardo-do-campo-com-garagem-107m2-venda-RS485000-id-89658434/
Condomínio Castelo Roma ,Rua Américo Brasiliense| 517 - Centro| São Bernardo do Campo - SP,R$ 655.000,R$ 480,R$ 1.800,3,3,2,100,https://www.vivareal.com.br/imovel/apartamento-3-quartos-centro-bairros-sao-bernardo-do-campo-com-garagem-100m2-venda-RS655000-id-81604911/
Condomínio Ideale ,Avenida Armando Ítalo Setti| 661 - Baeta Neves| São Bernardo do Campo - SP,R$ 595.000,R$ 600, ,3,4,2,118,https://www.vivareal.com.br/imovel/apartamento-3-quartos-baeta-neves-bairros-sao-bernardo-do-campo-com-garagem-118m2-venda-RS595000-id-86564361/
 ,Rua dos Feltrins| 125 - Demarchi| São Bernardo do Campo - SP,R$ 238.900,R$ 240,R$ 550,2,1,1,47,https://www.vivareal.com.br/imovel/apartamento-2-quartos-demarchi-bairros-sao-bernardo-do-campo-com-garagem-47m2-venda-RS238900-id-89654711/
Condomínio LUMIERE ,Avenida Senador Vergueiro| 1514 - Jardim Tres Marias 	| São Bernardo do Campo - SP,R$ 370.000,R$ 420, ,3,2,2,71,https://www.vivareal.com.br/imovel/apartamento-3-quartos-jardim-tres-marias-bairros-sao-bernardo-do-campo-com-garagem-71m2-venda-RS370000-id-85067326/
Condomínio SERRA NEGRA ,Rua Planalto| 15 - Rudge Ramos| São Bernardo do Campo - SP,R$ 370.000,R$ 499,R$ 1.040,3,2,1,78,https://www.vivareal.com.br/imovel/apartamento-3-quartos-rudge-ramos-bairros-sao-bernardo-do-campo-com-garagem-78m2-venda-RS370000-id-89210488/
 ,Rua Gino Amadei| 567 - Paulicéia| São Bernardo do Campo - SP,R$ 240.000,R$ 250,R$ 55,2,1,1,65,https://www.vivareal.com.br/imovel/apartamento-2-quartos-pauliceia-bairros-sao-bernardo-do-campo-com-garagem-65m2-venda-RS240000-id-89836980/
Condomínio SAINT JAMES ,Rua Duque d'Abruzzo| 247 - Rudge Ramos| São Bernardo do Campo - SP,R$ 370.000,R$ 425, ,3,2,2,66,https://www.vivareal.com.br/imovel/apartamento-3-quartos-rudge-ramos-bairros-sao-bernardo-do-campo-com-garagem-66m2-venda-RS370000-id-89745680/
Condomínio ANIMA ,Vila Lusitania| São Bernardo do Campo - SP,R$ 560.000,R$ 530,R$ 245,3,3,2,107,https://www.vivareal.com.br/imovel/apartamento-3-quartos-vila-lusitania-bairros-sao-bernardo-do-campo-com-garagem-107m2-venda-RS560000-id-80363152/
Condomínio ANIMA ,Rua Braga| 202 - Vila Lusitania| São Bernardo do Campo - SP,R$ 620.000,R$ 580, ,3,3,2,107,https://www.vivareal.com.br/imovel/apartamento-3-quartos-vila-lusitania-bairros-sao-bernardo-do-campo-com-garagem-107m2-venda-RS620000-id-89476980/
 ,Assunção| São Bernardo do Campo - SP,R$ 230.000,R$ 260,R$ 38,2,1,1,55,https://www.vivareal.com.br/imovel/apartamento-2-quartos-assuncao-bairros-sao-bernardo-do-campo-com-garagem-55m2-venda-RS230000-id-89370515/
Condomínio PORTAL DOS PASSAROS ,Rua Vicente de Paula Souza e Silva| 160 - Assunção| São Bernardo do Campo - SP,R$ 250.000,R$ 440,R$ 960,2,1,1,53,https://www.vivareal.com.br/imovel/apartamento-2-quartos-assuncao-bairros-sao-bernardo-do-campo-com-garagem-53m2-venda-RS250000-id-87104684/
 ,Avenida Maria Servidei Demarchi| 2420 - Demarchi| São Bernardo do Campo - SP,R$ 240.000,R$ 280,R$ 70,2,1,1,52,https://www.vivareal.com.br/imovel/apartamento-2-quartos-demarchi-bairros-sao-bernardo-do-campo-com-garagem-52m2-venda-RS240000-id-84069167/
Condomínio HELBOR MOVEMENT CITY E LIFE ,Avenida Armando Ítalo Setti| 659 - Baeta Neves| São Bernardo do Campo - SP,R$ 465.000,R$ 450, ,3,3,2,93,https://www.vivareal.com.br/imovel/apartamento-3-quartos-baeta-neves-bairros-sao-bernardo-do-campo-com-garagem-93m2-venda-RS465000-id-87650254/
Condomínio ANIMA ,Rua Braga| 202 - Vila Lusitania| São Bernardo do Campo - SP,R$ 550.000,R$ 595, ,3,3,2,107,https://www.vivareal.com.br/imovel/apartamento-3-quartos-vila-lusitania-bairros-sao-bernardo-do-campo-com-garagem-107m2-venda-RS550000-id-85168621/
Condomínio Helbor Family Garden ,Avenida das Nações Unidas| 1515 - Centro| São Bernardo do Campo - SP,R$ 645.000,R$ 570, ,3,3,2,95,https://www.vivareal.com.br/imovel/apartamento-3-quartos-centro-bairros-sao-bernardo-do-campo-com-garagem-95m2-venda-RS645000-id-85625907/
 ,Rua Américo Brasiliense| 10 - Centro| São Bernardo do Campo - SP,R$ 589.000,R$ 600,R$ 1.300,3,4,2,100,https://www.vivareal.com.br/imovel/apartamento-3-quartos-centro-bairros-sao-bernardo-do-campo-com-garagem-100m2-venda-RS589000-id-85074167/
 ,Avenida Armando Ítalo Setti| 930 - Baeta Neves| São Bernardo do Campo - SP,R$ 320.000,R$ 350,R$ 180,3,1,2,65,https://www.vivareal.com.br/imovel/apartamento-3-quartos-baeta-neves-bairros-sao-bernardo-do-campo-com-garagem-65m2-venda-RS320000-id-86405690/
 ,Avenida Pereira Barreto| 1479 - Vila Baeta Neves| São Bernardo do Campo - SP,R$ 485.000,R$ 520,R$ 380,3,2,2,94,https://www.vivareal.com.br/imovel/apartamento-3-quartos-vila-baeta-neves-bairros-sao-bernardo-do-campo-com-garagem-94m2-venda-RS485000-id-87938463/
 ,Avenida Lauro Gomes| 111 - Rudge Ramos| São Bernardo do Campo - SP,R$ 314.385,R$ 250, ,3,2,2,71,https://www.vivareal.com.br/imovel/apartamento-3-quartos-rudge-ramos-bairros-sao-bernardo-do-campo-com-garagem-71m2-venda-RS314385-id-86829233/
Condomínio Bruxelas ,Rua Gonçalves Dias - Centro| São Bernardo do Campo - SP,R$ 400.000,R$ 665,R$ 800,3,2,2,78,https://www.vivareal.com.br/imovel/apartamento-3-quartos-centro-bairros-sao-bernardo-do-campo-com-garagem-78m2-venda-RS400000-id-89738593/
 ,Avenida Doutor Washington Luíz| 522 - Vila Caminho do Mar| São Bernardo do Campo - SP,R$ 435.000,R$ 300,R$ 72,3,2,2,75,https://www.vivareal.com.br/imovel/apartamento-3-quartos-vila-caminho-do-mar-bairros-sao-bernardo-do-campo-com-garagem-75m2-venda-RS435000-id-85998383/
Condomínio ARCADIA ,Rua Brasílio Machado| 533 - Centro| São Bernardo do Campo - SP,R$ 420.000,R$ 540, ,3,2,2,82,https://www.vivareal.com.br/imovel/apartamento-3-quartos-centro-bairros-sao-bernardo-do-campo-com-garagem-82m2-venda-RS420000-id-86539505/
Condomínio Fatto Show São Bernardo ,Rua Ernesta Pelosini| 207 - Nova Petrópolis| São Bernardo do Campo - SP,R$ 465.000,R$ 477,R$ 111,3,2,2,87,https://www.vivareal.com.br/imovel/apartamento-3-quartos-nova-petropolis-bairros-sao-bernardo-do-campo-com-garagem-87m2-venda-RS465000-id-88658629/
Condomínio Vitoria ,Rua dos Vianas| 427 - Baeta Neves| São Bernardo do Campo - SP,R$ 435.000, , ,3,2,2,82,https://www.vivareal.com.br/imovel/apartamento-3-quartos-baeta-neves-bairros-sao-bernardo-do-campo-com-garagem-82m2-venda-RS435000-id-89883884/
 ,Avenida Dom Jaime de Barros Câmara| 357 - Planalto| São Bernardo do Campo - SP,R$ 251.900,R$ 308,R$ 700,2,2,1,56,https://www.vivareal.com.br/imovel/apartamento-2-quartos-planalto-bairros-sao-bernardo-do-campo-com-garagem-56m2-venda-RS251900-id-86096212/
Condomínio UBERABA ,Jardim Irajá| São Bernardo do Campo - SP,R$ 195.000,R$ 190, ,2,1,1,56,https://www.vivareal.com.br/imovel/apartamento-2-quartos-jardim-iraja-bairros-sao-bernardo-do-campo-com-garagem-56m2-venda-RS195000-id-89370517/
 ,Avenida Moinho Fabrini - Independência| São Bernardo do Campo - SP,R$ 519.900,R$ 532,R$ 135,2,2,1,81,https://www.vivareal.com.br/imovel/apartamento-2-quartos-independencia-bairros-sao-bernardo-do-campo-com-garagem-81m2-venda-RS519900-id-86768734/
Condomínio SAN MARCO ,Avenida Moinho Fabrini| 592 - Independência| São Bernardo do Campo - SP,R$ 240.000,R$ 250,R$ 150,2,2,1,60,https://www.vivareal.com.br/imovel/apartamento-2-quartos-independencia-bairros-sao-bernardo-do-campo-com-garagem-60m2-venda-RS240000-id-88444046/
 ,Avenida Lauro Gomes| 111 - Rudge Ramos| São Bernardo do Campo - SP,R$ 304.000,R$ 320, ,3,2,2,80,https://www.vivareal.com.br/imovel/apartamento-3-quartos-rudge-ramos-bairros-sao-bernardo-do-campo-com-garagem-80m2-venda-RS304000-id-84413611/
 ,Rua Doutor Marcel Preotesco| 134 - Centro| São Bernardo do Campo - SP,R$ 660.000,R$ 630, ,3,3,2,106,https://www.vivareal.com.br/imovel/apartamento-3-quartos-centro-bairros-sao-bernardo-do-campo-com-garagem-106m2-venda-RS660000-id-83705741/
Condomínio Condominio Tres Santos ,Avenida Ministro Osvaldo Aranha| 23 - Rudge Ramos| São Bernardo do Campo - SP,R$ 350.000,R$ 310, ,2,2,1,80,https://www.vivareal.com.br/imovel/apartamento-2-quartos-rudge-ramos-bairros-sao-bernardo-do-campo-com-garagem-80m2-venda-RS350000-id-86477234/
Condomínio Condomínio Castelo de Windsor ,Avenida Dom Jaime de Barros Câmara| 515 - Planalto| São Bernardo do Campo - SP,R$ 330.000,R$ 540,R$ 790,3,2,1,77,https://www.vivareal.com.br/imovel/apartamento-3-quartos-planalto-bairros-sao-bernardo-do-campo-com-garagem-77m2-venda-RS330000-id-83656034/
 ,Avenida Pereira Barreto| 1400 - Baeta Neves| São Bernardo do Campo - SP,R$ 487.559,R$ 488, ,3,3,2,94,https://www.vivareal.com.br/imovel/apartamento-3-quartos-baeta-neves-bairros-sao-bernardo-do-campo-com-garagem-94m2-venda-RS487559-id-85665168/
Condomínio Top Vision ,Avenida Pery Ronchetti| 1560 - Nova Petrópolis| São Bernardo do Campo - SP,R$ 245.000,R$ 380,R$ 70,3,2,1,63,https://www.vivareal.com.br/imovel/apartamento-3-quartos-nova-petropolis-bairros-sao-bernardo-do-campo-com-garagem-63m2-venda-RS245000-id-88587804/
Condomínio APARTAMENTO ,Rua Helena Aparecida Secol| 80 - Nova Petrópolis| São Bernardo do Campo - SP,R$ 295.000,R$ 278,R$ 720,3,1, ,66,https://www.vivareal.com.br/imovel/apartamento-3-quartos-nova-petropolis-bairros-sao-bernardo-do-campo-66m2-venda-RS295000-id-83545343/
Condomínio Up M Bigucci ,Rua Itu| 293 - Baeta Neves| São Bernardo do Campo - SP,R$ 460.000,R$ 800, ,3,2,2,75,https://www.vivareal.com.br/imovel/apartamento-3-quartos-baeta-neves-bairros-sao-bernardo-do-campo-com-garagem-75m2-venda-RS460000-id-86823937/
 ,Avenida Maria Servidei Demarchi| 2330 - Demarchi| São Bernardo do Campo - SP,R$ 240.000,R$ 250,R$ 72,2,1,1,52,https://www.vivareal.com.br/imovel/apartamento-2-quartos-demarchi-bairros-sao-bernardo-do-campo-com-garagem-52m2-venda-RS240000-id-88089758/
Condomínio HELBOR MOVEMENT CITY E LIFE ,Avenida Armando Ítalo Setti| 659 - Baeta Neves| São Bernardo do Campo - SP,R$ 460.000,R$ 450, ,3,3,2,93,https://www.vivareal.com.br/imovel/apartamento-3-quartos-baeta-neves-bairros-sao-bernardo-do-campo-com-garagem-93m2-venda-RS460000-id-87617452/
Condomínio Terraces São Bernardo Condominio ,Rua Frei Gaspar| 941 - Vila Santa Rita de Cassia| São Bernardo do Campo - SP,R$ 319.000,R$ 300,R$ 230,3,1,1,69,https://www.vivareal.com.br/imovel/apartamento-3-quartos-vila-santa-rita-de-cassia-bairros-sao-bernardo-do-campo-com-garagem-69m2-venda-RS319000-id-87938768/
 ,Rua dos Vianas| 4105 - Baeta Neves| São Bernardo do Campo - SP,R$ 178.000,R$ 240, ,2,1,1,47,https://www.vivareal.com.br/imovel/apartamento-2-quartos-baeta-neves-bairros-sao-bernardo-do-campo-com-garagem-47m2-venda-RS178000-id-89406274/
 ,Avenida Dom Jaime de Barros Câmara| 357 - Planalto| São Bernardo do Campo - SP,R$ 250.000,R$ 310, ,2,2,1,56,https://www.vivareal.com.br/imovel/apartamento-2-quartos-planalto-bairros-sao-bernardo-do-campo-com-garagem-56m2-venda-RS250000-id-85168735/
 ,Avenida Pereira Barreto| 1479 - Baeta Neves| São Bernardo do Campo - SP,R$ 490.000,R$ 460, ,3,3,2,94,https://www.vivareal.com.br/imovel/apartamento-3-quartos-baeta-neves-bairros-sao-bernardo-do-campo-com-garagem-94m2-venda-RS490000-id-87065079/
Condomínio STYLE PLATINUM ,Avenida Presidente Arthur Bernardes| 488 - Rudge Ramos| São Bernardo do Campo - SP,R$ 385.000,R$ 640, ,3,2,2,77,https://www.vivareal.com.br/imovel/apartamento-3-quartos-rudge-ramos-bairros-sao-bernardo-do-campo-com-garagem-77m2-venda-RS385000-id-78824754/
Condomínio Edifício Cannes ,Centro| São Bernardo do Campo - SP,R$ 750.000,R$ 1.200,R$ 160,3,3,3,127,https://www.vivareal.com.br/imovel/apartamento-3-quartos-centro-bairros-sao-bernardo-do-campo-com-garagem-127m2-venda-RS750000-id-89332093/
Condomínio Auguri ,Rua Comendador Carlo Mário Gardano| 203 - Centro| São Bernardo do Campo - SP,R$ 306.900,R$ 380,R$ 600,3,2,1,71,https://www.vivareal.com.br/imovel/apartamento-3-quartos-centro-bairros-sao-bernardo-do-campo-com-garagem-71m2-venda-RS306900-id-83363126/
Condomínio GRAN VILLAGE SAO BERNARDO ,Avenida Moinho Fabrini| 345 - Independência| São Bernardo do Campo - SP,R$ 480.000,R$ 470,R$ 2.000,3,2,2,80,https://www.vivareal.com.br/imovel/apartamento-3-quartos-independencia-bairros-sao-bernardo-do-campo-com-garagem-80m2-venda-RS480000-id-79318597/
 ,Avenida Aldino Pinotti - Centro| São Bernardo do Campo - SP,R$ 830.000, , ,3,2,2,123,https://www.vivareal.com.br/imovel/apartamento-3-quartos-centro-bairros-sao-bernardo-do-campo-com-garagem-123m2-venda-RS830000-id-89532768/
Condomínio ANIMA ,Rua Braga| 202 - Vila Lusitania| São Bernardo do Campo - SP,R$ 445.000,R$ 530, ,3,3,2,91,https://www.vivareal.com.br/imovel/apartamento-3-quartos-vila-lusitania-bairros-sao-bernardo-do-campo-com-garagem-91m2-venda-RS445000-id-85168640/
Condomínio HELBOR MOVEMENT CITY E LIFE ,Avenida Armando Ítalo Setti| 659 - Baeta Neves| São Bernardo do Campo - SP,R$ 585.000,R$ 550, ,3,5,2,116,https://www.vivareal.com.br/imovel/apartamento-3-quartos-baeta-neves-bairros-sao-bernardo-do-campo-com-garagem-116m2-venda-RS585000-id-84364487/
 ,Avenida Dom Jaime de Barros Câmara| 764 - Planalto| São Bernardo do Campo - SP,R$ 234.800,R$ 325,R$ 800,3,1,1,45,https://www.vivareal.com.br/imovel/apartamento-3-quartos-planalto-bairros-sao-bernardo-do-campo-com-garagem-45m2-venda-RS234800-id-86414509/
Condomínio SUIT SAO BERNARDO ,Avenida Dom Jaime de Barros Câmara| 335 - Planalto| São Bernardo do Campo - SP,R$ 260.000,R$ 290, ,2,2,1,56,https://www.vivareal.com.br/imovel/apartamento-2-quartos-planalto-bairros-sao-bernardo-do-campo-com-garagem-56m2-venda-RS260000-id-89208777/
Condomínio Parque Residencial Tiradentes ,Rua Tiradentes - Jardim Irajá| São Bernardo do Campo - SP,R$ 200.000,R$ 360, ,2,1,1,56,https://www.vivareal.com.br/imovel/apartamento-2-quartos-jardim-iraja-bairros-sao-bernardo-do-campo-com-garagem-56m2-venda-RS200000-id-85429022/
 ,Rua Ranieri Mazzilli| 200 - Vila Flórida| São Bernardo do Campo - SP,R$ 230.000,R$ 250,R$ 50,2,1,1,65,https://www.vivareal.com.br/imovel/apartamento-2-quartos-vila-florida-bairros-sao-bernardo-do-campo-com-garagem-65m2-venda-RS230000-id-83550359/
Condomínio GREEN VILLAGE ,Rua Raquiel da Cunha| 414 - Vila Jordanopolis| São Bernardo do Campo - SP,R$ 245.000,R$ 456,R$ 67,2,1,1,54,https://www.vivareal.com.br/imovel/apartamento-2-quartos-vila-jordanopolis-bairros-sao-bernardo-do-campo-com-garagem-54m2-venda-RS245000-id-74821539/
Condomínio Aracy ,Rua Ângelo David Tomé| 21 - Rudge Ramos| São Bernardo do Campo - SP,R$ 420.000, , ,3,2,1,140,https://www.vivareal.com.br/imovel/apartamento-3-quartos-rudge-ramos-bairros-sao-bernardo-do-campo-com-garagem-140m2-venda-RS420000-id-86606917/
 ,Avenida Pereira Barreto| 1470 - Baeta Neves| São Bernardo do Campo - SP,R$ 487.559,R$ 450, ,3,3,2,94,https://www.vivareal.com.br/imovel/apartamento-3-quartos-baeta-neves-bairros-sao-bernardo-do-campo-com-garagem-94m2-venda-RS487559-id-81837966/
 ,Avenida Presidente Arthur Bernardes| 289 - Vila Caminho do Mar| São Bernardo do Campo - SP,R$ 890.000,R$ 360, ,3,3,3,211,https://www.vivareal.com.br/imovel/apartamento-3-quartos-vila-caminho-do-mar-bairros-sao-bernardo-do-campo-com-garagem-211m2-venda-RS890000-id-89978832/
 ,Rua Braga - Vila Lusitania| São Bernardo do Campo - SP,R$ 730.000,R$ 597,R$ 220,3,3,2,107,https://www.vivareal.com.br/imovel/apartamento-3-quartos-vila-lusitania-bairros-sao-bernardo-do-campo-com-garagem-107m2-venda-RS730000-id-86736512/
 ,Rua Marechal Deodoro - Centro| São Bernardo do Campo - SP,R$ 270.000,R$ 340,R$ 50,2,2, ,80,https://www.vivareal.com.br/imovel/apartamento-2-quartos-centro-bairros-sao-bernardo-do-campo-80m2-venda-RS270000-id-86488810/
 ,Avenida Pereira Barreto| 1479 - Baeta Neves| São Bernardo do Campo - SP,R$ 485.000, , ,3,3,2,94,https://www.vivareal.com.br/imovel/apartamento-3-quartos-baeta-neves-bairros-sao-bernardo-do-campo-com-garagem-94m2-venda-RS485000-id-83012847/
 ,Rua Doutor Amâncio de Carvalho - Baeta Neves| São Bernardo do Campo - SP,R$ 180.000,R$ 200, ,2,1,1,56,https://www.vivareal.com.br/imovel/apartamento-2-quartos-baeta-neves-bairros-sao-bernardo-do-campo-com-garagem-56m2-venda-RS180000-id-89866413/
Condomínio APOLO ,Rua Municipal| 507 - Centro| São Bernardo do Campo - SP,R$ 460.000,R$ 690,R$ 140,2,2,2,90,https://www.vivareal.com.br/imovel/apartamento-2-quartos-centro-bairros-sao-bernardo-do-campo-com-garagem-90m2-venda-RS460000-id-84871273/
Condomínio IDEALE DEMARCHI ,Avenida Maria Servidei Demarchi| 2320 - Demarchi| São Bernardo do Campo - SP,R$ 240.000,R$ 300,R$ 700,2,1,1,52,https://www.vivareal.com.br/imovel/apartamento-2-quartos-demarchi-bairros-sao-bernardo-do-campo-com-garagem-52m2-venda-RS240000-id-88058347/
 ,Avenida Armando Ítalo Setti| 01 - Baeta Neves| São Bernardo do Campo - SP,R$ 470.100,R$ 530,R$ 600,3,4,2,93,https://www.vivareal.com.br/imovel/apartamento-3-quartos-baeta-neves-bairros-sao-bernardo-do-campo-com-garagem-93m2-venda-RS470100-id-81836788/
Condomínio FLAMINGO ,Rua Francisco Visentainer| 815 - Assunção| São Bernardo do Campo - SP,R$ 288.000,R$ 486,R$ 65,2,1,1,60,https://www.vivareal.com.br/imovel/apartamento-2-quartos-assuncao-bairros-sao-bernardo-do-campo-com-garagem-60m2-venda-RS288000-id-89344511/
Condomínio Alta Vista Club & Home ,Rua Américo Brasiliense| 700 - Centro| São Bernardo do Campo - SP,R$ 539.698,R$ 498,R$ 1.000,3,3,2,84,https://www.vivareal.com.br/imovel/apartamento-3-quartos-centro-bairros-sao-bernardo-do-campo-com-garagem-84m2-venda-RS539698-id-83473690/
Condomínio DOMO LIFE ,Avenida Aldino Pinotti| 500 - Centro| São Bernardo do Campo - SP,R$ 690.000,R$ 600, ,3,3,2,123,https://www.vivareal.com.br/imovel/apartamento-3-quartos-centro-bairros-sao-bernardo-do-campo-com-garagem-123m2-venda-RS690000-id-89885611/
Condomínio ELLISSE ,Rua dos Vianas| 411 - Baeta Neves| São Bernardo do Campo - SP,R$ 485.000,R$ 480,R$ 1,3,3,2,104,https://www.vivareal.com.br/imovel/apartamento-3-quartos-baeta-neves-bairros-sao-bernardo-do-campo-com-garagem-104m2-venda-RS485000-id-77751198/
Condomínio SAN MARCO ,Avenida Moinho Fabrini| 592 - Independência| São Bernardo do Campo - SP,R$ 240.000,R$ 250,R$ 82,2,2,1,60,https://www.vivareal.com.br/imovel/apartamento-2-quartos-independencia-bairros-sao-bernardo-do-campo-com-garagem-60m2-venda-RS240000-id-88581565/
Condomínio Parque Residencial Tiradentes ,Rua Tiradentes| 1837 - Santa Terezinha| São Bernardo do Campo - SP,R$ 190.000,R$ 380,R$ 50,2,1,1,56,https://www.vivareal.com.br/imovel/apartamento-2-quartos-santa-terezinha-bairros-sao-bernardo-do-campo-com-garagem-56m2-venda-RS190000-id-86415388/
 ,Taboão| São Bernardo do Campo - SP,R$ 250.000,R$ 300,R$ 72,2,1,1,50,https://www.vivareal.com.br/imovel/apartamento-2-quartos-taboao-bairros-sao-bernardo-do-campo-com-garagem-50m2-venda-RS250000-id-89640179/
Condomínio ANIMA ,Rua Braga| 202 - Vila Lusitania| São Bernardo do Campo - SP,R$ 580.000,R$ 600,R$ 235,3,2,2,107,https://www.vivareal.com.br/imovel/apartamento-3-quartos-vila-lusitania-bairros-sao-bernardo-do-campo-com-garagem-107m2-venda-RS580000-id-86651200/
Condomínio EXUBERANCE ,Rudge Ramos| São Bernardo do Campo - SP,R$ 398.000,R$ 512,R$ 82,3,1,1,70,https://www.vivareal.com.br/imovel/apartamento-3-quartos-rudge-ramos-bairros-sao-bernardo-do-campo-com-garagem-70m2-venda-RS398000-id-87456377/
Condomínio Caledônia ,Avenida Getúlio Vargas - Baeta Neves| São Bernardo do Campo - SP,R$ 378.000,R$ 700,R$ 85,3,2,2,75,https://www.vivareal.com.br/imovel/apartamento-3-quartos-baeta-neves-bairros-sao-bernardo-do-campo-com-garagem-75m2-venda-RS378000-id-89894430/
Condomínio GRAND CLUB ,Rua Papa Paulo VI| 151 - Santa Terezinha| São Bernardo do Campo - SP,R$ 265.000,R$ 250,R$ 600,2,1,1,47,https://www.vivareal.com.br/imovel/apartamento-2-quartos-santa-terezinha-bairros-sao-bernardo-do-campo-com-garagem-47m2-venda-RS265000-id-85200036/
 ,Rua Comendador Carlo Mário Gardano - Centro| São Bernardo do Campo - SP,R$ 310.000, , ,3,2,1,71,https://www.vivareal.com.br/imovel/apartamento-3-quartos-centro-bairros-sao-bernardo-do-campo-com-garagem-71m2-venda-RS310000-id-86699089/
 ,Avenida Capitão Casa| 1691 - Dos Casa| São Bernardo do Campo - SP,R$ 275.000,R$ 300, ,2,1,1,49,https://www.vivareal.com.br/imovel/apartamento-2-quartos-dos-casa-bairros-sao-bernardo-do-campo-com-garagem-49m2-venda-RS275000-id-89879369/
Condomínio DOMO LIFE ,Avenida Aldino Pinotti| 500 - Centro| São Bernardo do Campo - SP,R$ 1.370.000,R$ 1.400,R$ 4.800,4,5,3,180,https://www.vivareal.com.br/imovel/apartamento-4-quartos-centro-bairros-sao-bernardo-do-campo-com-garagem-180m2-venda-RS1370000-id-88252758/
Condomínio HELBOR TRILOGY OFFICE E STAY ,Avenida Aldino Pinotti| 650 - Centro| São Bernardo do Campo - SP,R$ 478.000,R$ 450, ,3,3,2,94,https://www.vivareal.com.br/imovel/apartamento-3-quartos-centro-bairros-sao-bernardo-do-campo-com-garagem-94m2-venda-RS478000-id-89888275/
Condomínio RESIDENCIAL TROPICAL ,Praça Antônio Pinheiro Costa - Vila Gonçalves| São Bernardo do Campo - SP,R$ 236.000,R$ 300, ,2,1,1,48,https://www.vivareal.com.br/imovel/apartamento-2-quartos-vila-goncalves-bairros-sao-bernardo-do-campo-com-garagem-48m2-venda-RS236000-id-88716040/
Condomínio HELBOR MOVEMENT CITY E LIFE ,Avenida Armando Ítalo Setti| 659 - Baeta Neves| São Bernardo do Campo - SP,R$ 680.000,R$ 550,R$ 2.400,3,5,2,116,https://www.vivareal.com.br/imovel/apartamento-3-quartos-baeta-neves-bairros-sao-bernardo-do-campo-com-garagem-116m2-venda-RS680000-id-88271641/
 ,Demarchi| São Bernardo do Campo - SP,R$ 189.900,R$ 240,R$ 50,2,1,1,45,https://www.vivareal.com.br/imovel/apartamento-2-quartos-demarchi-bairros-sao-bernardo-do-campo-com-garagem-45m2-venda-RS189900-id-83133530/
Condomínio Bristol ,Rua Domiciano Rossi| 340 - Centro| São Bernardo do Campo - SP,R$ 460.000,R$ 530, ,3,3,1,127,https://www.vivareal.com.br/imovel/apartamento-3-quartos-centro-bairros-sao-bernardo-do-campo-com-garagem-127m2-venda-RS460000-id-89896376/
Condomínio ANIMA ,Rua Braga| 202 - Vila Lusitania| São Bernardo do Campo - SP,R$ 680.000,R$ 600,R$ 235,2,2,2,107,https://www.vivareal.com.br/imovel/apartamento-2-quartos-vila-lusitania-bairros-sao-bernardo-do-campo-com-garagem-107m2-venda-RS680000-id-86656832/
 ,Avenida Lauro Gomes| 111 - Rudge Ramos| São Bernardo do Campo - SP,R$ 304.500,R$ 300,R$ 120,2,2,1,71,https://www.vivareal.com.br/imovel/apartamento-2-quartos-rudge-ramos-bairros-sao-bernardo-do-campo-com-garagem-71m2-venda-RS304500-id-89885168/
 ,Rua Gabriel D'Anunzio| 200 - Rudge Ramos| São Bernardo do Campo - SP,R$ 650.000,R$ 780,R$ 140,3,3,2,104,https://www.vivareal.com.br/imovel/apartamento-3-quartos-rudge-ramos-bairros-sao-bernardo-do-campo-com-garagem-104m2-venda-RS650000-id-85861506/
Condomínio EXUBERANCE ,Avenida Winston Churchill| 1477 - Rudge Ramos| São Bernardo do Campo - SP,R$ 408.000,R$ 512,R$ 1.032,3,2,1,70,https://www.vivareal.com.br/imovel/apartamento-3-quartos-rudge-ramos-bairros-sao-bernardo-do-campo-com-garagem-70m2-venda-RS408000-id-86705355/
Condomínio Condomínio Geneve ,Rua Genebra| 50 - Suisso| São Bernardo do Campo - SP,R$ 253.000,R$ 431,R$ 956,3,2,2,65,https://www.vivareal.com.br/imovel/apartamento-3-quartos-suisso-bairros-sao-bernardo-do-campo-com-garagem-65m2-venda-RS253000-id-78135910/
 ,Avenida Princesa Januária| 46 - Nova Petrópolis| São Bernardo do Campo - SP,R$ 260.000,R$ 480,R$ 970,3,2,1,60,https://www.vivareal.com.br/imovel/apartamento-3-quartos-nova-petropolis-bairros-sao-bernardo-do-campo-com-garagem-60m2-venda-RS260000-id-85055196/
Condomínio BARCELONA ,Rua Senador Manoel Cordeiro Vilaça| 100 - Alves Dias| São Bernardo do Campo - SP,R$ 220.000,R$ 220,R$ 50,2,1,1,57,https://www.vivareal.com.br/imovel/apartamento-2-quartos-alves-dias-bairros-sao-bernardo-do-campo-com-garagem-57m2-venda-RS220000-id-88538175/
Condomínio Terraces São Bernardo Condominio ,Rua Frei Gaspar| 941 - Centro| São Bernardo do Campo - SP,R$ 335.000,R$ 350,R$ 1,2,1,1,69,https://www.vivareal.com.br/imovel/apartamento-2-quartos-centro-bairros-sao-bernardo-do-campo-com-garagem-69m2-venda-RS335000-id-86329584/
Condomínio Start Jardim Clube São Bernardo ,Rua Doutor Felício Laurito| 157 - Jardim Olavo Bilac| São Bernardo do Campo - SP,R$ 270.000,R$ 300,R$ 150,2,1,1,52,https://www.vivareal.com.br/imovel/apartamento-2-quartos-jardim-olavo-bilac-bairros-sao-bernardo-do-campo-com-garagem-52m2-venda-RS270000-id-88794378/
Condomínio FIT PLANALTO ,Rua Joāo Eboli| 100 - Planalto| São Bernardo do Campo - SP,R$ 223.000,R$ 290,R$ 700,2,1,1,48,https://www.vivareal.com.br/imovel/apartamento-2-quartos-planalto-bairros-sao-bernardo-do-campo-com-garagem-48m2-venda-RS223000-id-89881920/
Condomínio DOMO HOME ,Centro| São Bernardo do Campo - SP,R$ 780.000,R$ 650, ,3,2,2,123,https://www.vivareal.com.br/imovel/apartamento-3-quartos-centro-bairros-sao-bernardo-do-campo-com-garagem-123m2-venda-RS780000-id-83559308/
Condomínio HELBOR MOVEMENT CITY E LIFE ,Avenida Armando Ítalo Setti| 659 - Baeta Neves| São Bernardo do Campo - SP,R$ 820.000,R$ 800, ,3,4,2,116,https://www.vivareal.com.br/imovel/apartamento-3-quartos-baeta-neves-bairros-sao-bernardo-do-campo-com-garagem-116m2-venda-RS820000-id-86128649/
 ,Rua Lausanne - Taboão| São Bernardo do Campo - SP,R$ 251.000,R$ 330,R$ 802,2,1,1,50,https://www.vivareal.com.br/imovel/apartamento-2-quartos-taboao-bairros-sao-bernardo-do-campo-com-garagem-50m2-venda-RS251000-id-86610777/
Condomínio CITTA DI ROMA ,Centro| São Bernardo do Campo - SP,R$ 550.000,R$ 900,R$ 150,3,2,3,96,https://www.vivareal.com.br/imovel/apartamento-3-quartos-centro-bairros-sao-bernardo-do-campo-com-garagem-96m2-venda-RS550000-id-86957713/
 ,Rua Continental| 1060 - Jardim do Mar| São Bernardo do Campo - SP,R$ 1.350.000,R$ 1.350,R$ 300,4,6,6,210,https://www.vivareal.com.br/imovel/apartamento-4-quartos-jardim-do-mar-bairros-sao-bernardo-do-campo-com-garagem-210m2-venda-RS1350000-id-89544004/
Condomínio Parque Residencial Tiradentes ,Rua Tiradentes| 1837 - Santa Terezinha| São Bernardo do Campo - SP,R$ 42.000,R$ 370,R$ 800,2,1,1,53,https://www.vivareal.com.br/imovel/apartamento-2-quartos-santa-terezinha-bairros-sao-bernardo-do-campo-com-garagem-53m2-venda-RS42000-id-89882428/
 ,Taboão| São Bernardo do Campo - SP,R$ 168.000,R$ 180,R$ 200,2,1,1,40,https://www.vivareal.com.br/imovel/apartamento-2-quartos-taboao-bairros-sao-bernardo-do-campo-com-garagem-40m2-venda-RS168000-id-86693724/
Condomínio VILLA BORGHESE ,Demarchi| São Bernardo do Campo - SP,R$ 230.000,R$ 300,R$ 58,2,1,1,48,https://www.vivareal.com.br/imovel/apartamento-2-quartos-demarchi-bairros-sao-bernardo-do-campo-com-garagem-48m2-venda-RS230000-id-85879391/
Condomínio MANSAO IMPERIAL ,Avenida Wallace Simonsen| 555 - Nova Petrópolis| São Bernardo do Campo - SP,R$ 680.000,R$ 580,R$ 110,3,4,2,128,https://www.vivareal.com.br/imovel/apartamento-3-quartos-nova-petropolis-bairros-sao-bernardo-do-campo-com-garagem-128m2-venda-RS680000-id-89744985/
 ,Rua Continental| 348 - Jardim do Mar| São Bernardo do Campo - SP,R$ 859.000,R$ 503,R$ 204,3,4,3,150,https://www.vivareal.com.br/imovel/apartamento-3-quartos-jardim-do-mar-bairros-sao-bernardo-do-campo-com-garagem-150m2-venda-RS859000-id-86709959/
Condomínio Ideale ,Avenida Armando Ítalo Setti| 661 - Baeta Neves| São Bernardo do Campo - SP,R$ 507.000,R$ 440, ,3,3,2,96,https://www.vivareal.com.br/imovel/apartamento-3-quartos-baeta-neves-bairros-sao-bernardo-do-campo-com-garagem-96m2-venda-RS507000-id-85234245/
Condomínio ARCADIA ,Centro| São Bernardo do Campo - SP,R$ 445.000,R$ 570,R$ 155,2,2,2,80,https://www.vivareal.com.br/imovel/apartamento-2-quartos-centro-bairros-sao-bernardo-do-campo-com-garagem-80m2-venda-RS445000-id-86388484/
Condomínio PRIME HOUSE CLUB LIFE ,Avenida Moinho Fabrini| 385 - Independência| São Bernardo do Campo - SP,R$ 410.000,R$ 400, ,3,1,1,64,https://www.vivareal.com.br/imovel/apartamento-3-quartos-independencia-bairros-sao-bernardo-do-campo-com-garagem-64m2-venda-RS410000-id-84777674/
Condomínio HELBOR MOVEMENT CITY E LIFE ,Baeta Neves| São Bernardo do Campo - SP,R$ 467.325,R$ 450,R$ 980,3,2,2,93,https://www.vivareal.com.br/imovel/apartamento-3-quartos-baeta-neves-bairros-sao-bernardo-do-campo-com-garagem-93m2-venda-RS467325-id-86238764/
 ,Independência| São Bernardo do Campo - SP,R$ 425.000,R$ 420,R$ 110,2,1,1,70,https://www.vivareal.com.br/imovel/apartamento-2-quartos-independencia-bairros-sao-bernardo-do-campo-com-garagem-70m2-venda-RS425000-id-88032447/
 ,Avenida Aldino Pinotti| 600 - Centro| São Bernardo do Campo - SP,R$ 798.000,R$ 566,R$ 219,3,3,2,123,https://www.vivareal.com.br/imovel/apartamento-3-quartos-centro-bairros-sao-bernardo-do-campo-com-garagem-123m2-venda-RS798000-id-86414677/
Condomínio Parque Residencial Tiradentes ,Rua Tiradentes| 1837 - Santa Terezinha| São Bernardo do Campo - SP,R$ 180.000,R$ 370, ,2,1,1,56,https://www.vivareal.com.br/imovel/apartamento-2-quartos-santa-terezinha-bairros-sao-bernardo-do-campo-com-garagem-56m2-venda-RS180000-id-83740576/
Condomínio MY PLACE ,Rua Santos Dumont| 95 - Centro| São Bernardo do Campo - SP,R$ 350.000,R$ 470,R$ 780,2,2,2,74,https://www.vivareal.com.br/imovel/apartamento-2-quartos-centro-bairros-sao-bernardo-do-campo-com-garagem-74m2-venda-RS350000-id-78338584/
Condomínio DOMO LIFE ,Avenida Aldino Pinotti| 500 - Centro| São Bernardo do Campo - SP,R$ 790.000,R$ 563,R$ 273,3,4,2,123,https://www.vivareal.com.br/imovel/apartamento-3-quartos-centro-bairros-sao-bernardo-do-campo-com-garagem-123m2-venda-RS790000-id-84511301/
Condomínio Parque Residencial Tiradentes ,Ferrazópolis| São Bernardo do Campo - SP,R$ 195.000,R$ 320, ,2,1,1,50,https://www.vivareal.com.br/imovel/apartamento-2-quartos-ferrazopolis-bairros-sao-bernardo-do-campo-com-garagem-50m2-venda-RS195000-id-86894395/
 ,Avenida Pedro Mendes| 1741 - Montanhão| São Bernardo do Campo - SP,R$ 229.000,R$ 250,R$ 50,2,1,1,45,https://www.vivareal.com.br/imovel/apartamento-2-quartos-montanhao-bairros-sao-bernardo-do-campo-com-garagem-45m2-venda-RS229000-id-87938439/
 ,Taboão| São Bernardo do Campo - SP,R$ 228.000,R$ 311,R$ 350,2,1,1,44,https://www.vivareal.com.br/imovel/apartamento-2-quartos-taboao-bairros-sao-bernardo-do-campo-com-garagem-44m2-venda-RS228000-id-84220727/
Condomínio Parque Residencial Tiradentes ,Rua Tiradentes| 1837 - Santa Terezinha| São Bernardo do Campo - SP,R$ 211.900,R$ 350,R$ 350,2,1,1,53,https://www.vivareal.com.br/imovel/apartamento-2-quartos-santa-terezinha-bairros-sao-bernardo-do-campo-com-garagem-53m2-venda-RS211900-id-87938062/
Condomínio HELBOR MOVEMENT CITY E LIFE ,Baeta Neves| São Bernardo do Campo - SP,R$ 585.069,R$ 580,R$ 1.100,3,2,2,116,https://www.vivareal.com.br/imovel/apartamento-3-quartos-baeta-neves-bairros-sao-bernardo-do-campo-com-garagem-116m2-venda-RS585069-id-86240474/
 ,Rua Helena Aparecida Secol - Nova Petrópolis| São Bernardo do Campo - SP,R$ 290.000,R$ 410,R$ 65,3,1,1,67,https://www.vivareal.com.br/imovel/apartamento-3-quartos-nova-petropolis-bairros-sao-bernardo-do-campo-com-garagem-67m2-venda-RS290000-id-88069913/
 ,Rua Comendador Pinoti Gamba| 449 - Rudge Ramos| São Bernardo do Campo - SP,R$ 420.000,R$ 424,R$ 76,3,2,2,70,https://www.vivareal.com.br/imovel/apartamento-3-quartos-rudge-ramos-bairros-sao-bernardo-do-campo-com-garagem-70m2-venda-RS420000-id-90057217/
 ,Rua dos Vianas - Baeta Neves| São Bernardo do Campo - SP,R$ 210.000,R$ 240,R$ 564,2,1,1,62,https://www.vivareal.com.br/imovel/apartamento-2-quartos-baeta-neves-bairros-sao-bernardo-do-campo-com-garagem-62m2-venda-RS210000-id-85618686/
Condomínio ANIMA ,Rua Braga| 202 - Vila Lusitania| São Bernardo do Campo - SP,R$ 580.000,R$ 597,R$ 235,3,2,2,107,https://www.vivareal.com.br/imovel/apartamento-3-quartos-vila-lusitania-bairros-sao-bernardo-do-campo-com-garagem-107m2-venda-RS580000-id-89830244/
Condomínio ESTADO UNIDOS ,Rua Gregória de Fregel| 380 - Demarchi| São Bernardo do Campo - SP,R$ 190.000,R$ 250,R$ 50,2,1,1,45,https://www.vivareal.com.br/imovel/apartamento-2-quartos-demarchi-bairros-sao-bernardo-do-campo-com-garagem-45m2-venda-RS190000-id-85887778/
Condomínio Helbor Family Garden ,Avenida das Nações Unidas| 1515 - Chácara Inglesa| São Bernardo do Campo - SP,R$ 795.748,R$ 896, ,3,3,2,127,https://www.vivareal.com.br/imovel/apartamento-3-quartos-chacara-inglesa-bairros-sao-bernardo-do-campo-com-garagem-127m2-venda-RS795748-id-86084839/
 ,Ferrazópolis| São Bernardo do Campo - SP,R$ 245.000,R$ 270,R$ 70,2,1,1,60,https://www.vivareal.com.br/imovel/apartamento-2-quartos-ferrazopolis-bairros-sao-bernardo-do-campo-com-garagem-60m2-venda-RS245000-id-84108453/
Condomínio SMILE ,Avenida Piraporinha| 540 - Planalto| São Bernardo do Campo - SP,R$ 385.000,R$ 663,R$ 1.517,3,2,1,96,https://www.vivareal.com.br/imovel/apartamento-3-quartos-planalto-bairros-sao-bernardo-do-campo-com-garagem-96m2-venda-RS385000-id-89203396/
 ,Rua da Pátria| 28 - Santa Terezinha| São Bernardo do Campo - SP,R$ 275.000, , ,2,1,2,56,https://www.vivareal.com.br/imovel/apartamento-2-quartos-santa-terezinha-bairros-sao-bernardo-do-campo-com-garagem-56m2-venda-RS275000-id-85845349/
 ,Rua Gabriel D'Anunzio - Rudge Ramos| São Bernardo do Campo - SP,R$ 500.000, , ,3,2,3,92,https://www.vivareal.com.br/imovel/apartamento-3-quartos-rudge-ramos-bairros-sao-bernardo-do-campo-com-garagem-92m2-venda-RS500000-id-85319406/
Condomínio GRAND VILLE ,Vila Santa Rita de Cassia| São Bernardo do Campo - SP,R$ 270.000,R$ 327,R$ 68,2,1,1,50,https://www.vivareal.com.br/imovel/apartamento-2-quartos-vila-santa-rita-de-cassia-bairros-sao-bernardo-do-campo-com-garagem-50m2-venda-RS270000-id-85787380/
 ,Avenida Getúlio Vargas| 200 - Baeta Neves| São Bernardo do Campo - SP,R$ 650.000,R$ 850,R$ 184,3,4,2,134,https://www.vivareal.com.br/imovel/apartamento-3-quartos-baeta-neves-bairros-sao-bernardo-do-campo-com-garagem-134m2-venda-RS650000-id-87216280/
 ,Rua Padre Léo Comissari| s/n - Ferrazópolis| São Bernardo do Campo - SP,R$ 207.800, , ,2,1,1,48,https://www.vivareal.com.br/imovel/apartamento-2-quartos-ferrazopolis-bairros-sao-bernardo-do-campo-com-garagem-48m2-venda-RS207800-id-88459209/
 ,Avenida Doutor Carlos de Campos - Rudge Ramos| São Bernardo do Campo - SP,R$ 370.000,R$ 370,R$ 1.100,2,2,1,60,https://www.vivareal.com.br/imovel/apartamento-2-quartos-rudge-ramos-bairros-sao-bernardo-do-campo-com-garagem-60m2-venda-RS370000-id-84746875/
 ,Avenida Pereira Barreto| 1476 - Baeta Neves| São Bernardo do Campo - SP,R$ 397.000,R$ 420,R$ 180,2,2,1,77,https://www.vivareal.com.br/imovel/apartamento-2-quartos-baeta-neves-bairros-sao-bernardo-do-campo-com-garagem-77m2-venda-RS397000-id-86559247/
Condomínio Residencial Hill House ,Avenida Francisco Prestes Maia| 1501 - Centro| São Bernardo do Campo - SP,R$ 560.000, , ,4,4,2,123,https://www.vivareal.com.br/imovel/apartamento-4-quartos-centro-bairros-sao-bernardo-do-campo-com-garagem-123m2-venda-RS560000-id-89886869/
 ,Rudge Ramos| São Bernardo do Campo - SP,R$ 375.500,R$ 300,R$ 1.000,3,2,2,80,https://www.vivareal.com.br/imovel/apartamento-3-quartos-rudge-ramos-bairros-sao-bernardo-do-campo-com-garagem-80m2-venda-RS375500-id-81224317/
Condomínio HELBOR MOVEMENT CITY E LIFE ,Avenida Armando Ítalo Setti - Baeta Neves| São Bernardo do Campo - SP,R$ 602.630,R$ 650, ,3,2,2,116,https://www.vivareal.com.br/imovel/apartamento-3-quartos-baeta-neves-bairros-sao-bernardo-do-campo-com-garagem-116m2-venda-RS602630-id-83887849/
 ,Demarchi| São Bernardo do Campo - SP,R$ 220.000,R$ 275,R$ 55,2,1,1,57,https://www.vivareal.com.br/imovel/apartamento-2-quartos-demarchi-bairros-sao-bernardo-do-campo-com-garagem-57m2-venda-RS220000-id-86388483/
 ,Rua Carlos Gomes - Centro| São Bernardo do Campo - SP,R$ 529.000, , ,3,1,2,92,https://www.vivareal.com.br/imovel/apartamento-3-quartos-centro-bairros-sao-bernardo-do-campo-com-garagem-92m2-venda-RS529000-id-88249302/
 ,Avenida Dom Jaime de Barros Câmara| 357 - Planalto| São Bernardo do Campo - SP,R$ 258.900,R$ 300, ,2,1,1,56,https://www.vivareal.com.br/imovel/apartamento-2-quartos-planalto-bairros-sao-bernardo-do-campo-com-garagem-56m2-venda-RS258900-id-87112998/
Condomínio AMERICA ,Rua das Orquideas - Vila Marchi| São Bernardo do Campo - SP,R$ 250.000,R$ 280, ,2,1,1,65,https://www.vivareal.com.br/imovel/apartamento-2-quartos-vila-marchi-bairros-sao-bernardo-do-campo-com-garagem-65m2-venda-RS250000-id-89138394/
 ,Rua Ângela Franchini| 659 - Centro| São Bernardo do Campo - SP,R$ 480.000,R$ 500, ,3,3,2,93,https://www.vivareal.com.br/imovel/apartamento-3-quartos-centro-bairros-sao-bernardo-do-campo-com-garagem-93m2-venda-RS480000-id-89640703/
Condomínio Auge Home Resort ,Avenida Pereira Barreto| 1201 - Baeta Neves| São Bernardo do Campo - SP,R$ 723.000,R$ 630,R$ 172,3,3,2,106,https://www.vivareal.com.br/imovel/apartamento-3-quartos-baeta-neves-bairros-sao-bernardo-do-campo-com-garagem-106m2-venda-RS723000-id-86862963/
 ,Avenida Paulo Afonso - Nova Petrópolis| São Bernardo do Campo - SP,R$ 640.000,R$ 450,R$ 250,3,3,2,106,https://www.vivareal.com.br/imovel/apartamento-3-quartos-nova-petropolis-bairros-sao-bernardo-do-campo-com-garagem-106m2-venda-RS640000-id-78715933/
Condomínio ANIMA ,Rua Braga| 202 - Vila Lusitania| São Bernardo do Campo - SP,R$ 635.000,R$ 600,R$ 235,3,2,2,107,https://www.vivareal.com.br/imovel/apartamento-3-quartos-vila-lusitania-bairros-sao-bernardo-do-campo-com-garagem-107m2-venda-RS635000-id-86656308/
 ,Avenida Armando Ítalo Setti| 600 - Baeta Neves| São Bernardo do Campo - SP,R$ 620.000,R$ 696, ,3,5,2,116,https://www.vivareal.com.br/imovel/apartamento-3-quartos-baeta-neves-bairros-sao-bernardo-do-campo-com-garagem-116m2-venda-RS620000-id-85665028/
Condomínio Auguri ,Rua Comendador Carlo Mário Gardano| 203 - Centro| São Bernardo do Campo - SP,R$ 302.000,R$ 400,R$ 800,3,2,2,70,https://www.vivareal.com.br/imovel/apartamento-3-quartos-centro-bairros-sao-bernardo-do-campo-com-garagem-70m2-venda-RS302000-id-85696749/
Condomínio PRIME HOUSE CLUB LIFE ,Avenida Moinho Fabrini| 385 - Independência| São Bernardo do Campo - SP,R$ 309.000,R$ 380,R$ 1.300,3,1,1,64,https://www.vivareal.com.br/imovel/apartamento-3-quartos-independencia-bairros-sao-bernardo-do-campo-com-garagem-64m2-venda-RS309000-id-84483677/
Condomínio Condominio Tres Santos ,Avenida Ministro Osvaldo Aranha| 23 - Rudge Ramos| São Bernardo do Campo - SP,R$ 340.000,R$ 310,R$ 887,2,2,1,80,https://www.vivareal.com.br/imovel/apartamento-2-quartos-rudge-ramos-bairros-sao-bernardo-do-campo-com-garagem-80m2-venda-RS340000-id-83751644/
Condomínio Parque Residencial Tiradentes ,Jardim Irajá| São Bernardo do Campo - SP,R$ 206.000,R$ 365,R$ 380,2,1,1,54,https://www.vivareal.com.br/imovel/apartamento-2-quartos-jardim-iraja-bairros-sao-bernardo-do-campo-com-garagem-54m2-venda-RS206000-id-89370514/
Condomínio Anima Clube Parque Condominio ,Rua Braga| 200 - Vila Lusitania| São Bernardo do Campo - SP,R$ 570.000,R$ 597,R$ 208,3,3,2,107,https://www.vivareal.com.br/imovel/apartamento-3-quartos-vila-lusitania-bairros-sao-bernardo-do-campo-com-garagem-107m2-venda-RS570000-id-82697119/
 ,Rua Principal Lauro Gomes| 5901 - Rudge Ramos| São Bernardo do Campo - SP,R$ 349.900,R$ 398, ,3,1,2,69,https://www.vivareal.com.br/imovel/apartamento-3-quartos-rudge-ramos-bairros-sao-bernardo-do-campo-com-garagem-69m2-venda-RS349900-id-88363544/
 ,Rua da Represa - Rudge Ramos| São Bernardo do Campo - SP,R$ 620.000,R$ 680, ,3,3,2,114,https://www.vivareal.com.br/imovel/apartamento-3-quartos-rudge-ramos-bairros-sao-bernardo-do-campo-com-garagem-114m2-venda-RS620000-id-86353354/
Condomínio PRIME HOUSE CLUB LIFE ,Avenida Moinho Fabrini| 385 - Independência| São Bernardo do Campo - SP,R$ 370.000,R$ 410,R$ 85,3,1, ,64,https://www.vivareal.com.br/imovel/apartamento-3-quartos-independencia-bairros-sao-bernardo-do-campo-64m2-venda-RS370000-id-86363444/
Condomínio HELVETIA ,Rua Guilherme Tell| 503 - Taboão| São Bernardo do Campo - SP,R$ 280.000,R$ 540,R$ 600,2,1,1,60,https://www.vivareal.com.br/imovel/apartamento-2-quartos-taboao-bairros-sao-bernardo-do-campo-com-garagem-60m2-venda-RS280000-id-88761115/
Condomínio GREEN PARK ,Rua Luis Ferreira da Silva - Parque Sao Diogo| São Bernardo do Campo - SP,R$ 720.000,R$ 650,R$ 1.200,3,4,2,122,https://www.vivareal.com.br/imovel/apartamento-3-quartos-parque-sao-diogo-bairros-sao-bernardo-do-campo-com-garagem-122m2-venda-RS720000-id-84570370/
Condomínio DOMO LIFE ,Avenida Aldino Pinotti| 500 - Centro| São Bernardo do Campo - SP,R$ 825.000,R$ 710, ,4,5,3,155,https://www.vivareal.com.br/imovel/apartamento-4-quartos-centro-bairros-sao-bernardo-do-campo-com-garagem-155m2-venda-RS825000-id-83209608/
Condomínio DAS FLORES 1 ,Avenida Wallace Simonsen| 1440 - Nova Petrópolis| São Bernardo do Campo - SP,R$ 215.000,R$ 300,R$ 590,2,1,1,47,https://www.vivareal.com.br/imovel/apartamento-2-quartos-nova-petropolis-bairros-sao-bernardo-do-campo-com-garagem-47m2-venda-RS215000-id-88352759/
Condomínio MY PLACE ,Rua Santos Dumont| 95 - Centro| São Bernardo do Campo - SP,R$ 356.000, , ,2,2,2,73,https://www.vivareal.com.br/imovel/apartamento-2-quartos-centro-bairros-sao-bernardo-do-campo-com-garagem-73m2-venda-RS356000-id-86055575/
Condomínio Gabriela ,Centro| São Bernardo do Campo - SP,R$ 425.000,R$ 650,R$ 900,3,3,2,91,https://www.vivareal.com.br/imovel/apartamento-3-quartos-centro-bairros-sao-bernardo-do-campo-com-garagem-91m2-venda-RS425000-id-88850401/
Condomínio DOMO LIFE ,Avenida Aldino Pinotti| 500 - Centro| São Bernardo do Campo - SP,R$ 790.000,R$ 600, ,3,3,2,123,https://www.vivareal.com.br/imovel/apartamento-3-quartos-centro-bairros-sao-bernardo-do-campo-com-garagem-123m2-venda-RS790000-id-89675148/
 ,Rua Cristiano Angeli| 1737 - Assunção| São Bernardo do Campo - SP,R$ 245.000,R$ 280,R$ 55,2,1,1,52,https://www.vivareal.com.br/imovel/apartamento-2-quartos-assuncao-bairros-sao-bernardo-do-campo-com-garagem-52m2-venda-RS245000-id-86035906/
Condomínio Terraces São Bernardo Condominio ,Rua Frei Gaspar| 941 - Centro| São Bernardo do Campo - SP,R$ 320.000, , ,2,2,1,69,https://www.vivareal.com.br/imovel/apartamento-2-quartos-centro-bairros-sao-bernardo-do-campo-com-garagem-69m2-venda-RS320000-id-82161314/
Condomínio Suz Square ,Rua Tomé de Souza| 192 - Centro| São Bernardo do Campo - SP,R$ 937.000,R$ 800,R$ 2.400,3,5,4,133,https://www.vivareal.com.br/imovel/apartamento-3-quartos-centro-bairros-sao-bernardo-do-campo-com-garagem-133m2-venda-RS937000-id-85112116/
Condomínio Spettacolo ,Rua Mario Fongaro| 677 - Vila Marlene| São Bernardo do Campo - SP,R$ 840.000,R$ 695,R$ 120,4,4,2,130,https://www.vivareal.com.br/imovel/apartamento-4-quartos-vila-marlene-bairros-sao-bernardo-do-campo-com-garagem-130m2-venda-RS840000-id-80580914/
Condomínio SMILE ,Avenida Piraporinha| 540 - Planalto| São Bernardo do Campo - SP,R$ 215.000,R$ 417,R$ 897,2,1,1,55,https://www.vivareal.com.br/imovel/apartamento-2-quartos-planalto-bairros-sao-bernardo-do-campo-com-garagem-55m2-venda-RS215000-id-90007801/
 ,Avenida Senador Fláquer - Centro| São Bernardo do Campo - SP,R$ 450.000, , ,3,2,2,90,https://www.vivareal.com.br/imovel/apartamento-3-quartos-centro-bairros-sao-bernardo-do-campo-com-garagem-90m2-venda-RS450000-id-85685415/
Condomínio ANIMA ,Rua Braga - Vila Lusitania| São Bernardo do Campo - SP,R$ 640.000,R$ 650,R$ 250,3,2,2,107,https://www.vivareal.com.br/imovel/apartamento-3-quartos-vila-lusitania-bairros-sao-bernardo-do-campo-com-garagem-107m2-venda-RS640000-id-85717858/
Condomínio Auguri ,Rua Comendador Carlo Mário Gardano - Centro| São Bernardo do Campo - SP,R$ 310.000,R$ 400, ,3,2,1,70,https://www.vivareal.com.br/imovel/apartamento-3-quartos-centro-bairros-sao-bernardo-do-campo-com-garagem-70m2-venda-RS310000-id-89836324/
Condomínio Flam Boyan ,Rua Tietê| 1633 - Rudge Ramos| São Bernardo do Campo - SP,R$ 260.000,R$ 300,R$ 50,3,1,1,56,https://www.vivareal.com.br/imovel/apartamento-3-quartos-rudge-ramos-bairros-sao-bernardo-do-campo-com-garagem-56m2-venda-RS260000-id-83350380/
Condomínio HELBOR MOVEMENT CITY E LIFE ,Avenida Armando Ítalo Setti| 659 - Baeta Neves| São Bernardo do Campo - SP,R$ 469.000,R$ 550, ,3,3,2,93,https://www.vivareal.com.br/imovel/apartamento-3-quartos-baeta-neves-bairros-sao-bernardo-do-campo-com-garagem-93m2-venda-RS469000-id-84364551/
Condomínio LION V ,Vila Jerusalém | São Bernardo do Campo - SP,R$ 230.000,R$ 250,R$ 50,2,1,1,58,https://www.vivareal.com.br/imovel/apartamento-2-quartos-vila-jerusalem-bairros-sao-bernardo-do-campo-com-garagem-58m2-venda-RS230000-id-86323413/
 ,Rua da Represa - Rudge Ramos| São Bernardo do Campo - SP,R$ 530.000,R$ 528,R$ 130,3,2,2,130,https://www.vivareal.com.br/imovel/apartamento-3-quartos-rudge-ramos-bairros-sao-bernardo-do-campo-com-garagem-130m2-venda-RS530000-id-89485428/
Condomínio DOMO HOME ,Avenida Aldino Pinotti| 601 - Centro| São Bernardo do Campo - SP,R$ 785.000,R$ 650, ,3,3,2,123,https://www.vivareal.com.br/imovel/apartamento-3-quartos-centro-bairros-sao-bernardo-do-campo-com-garagem-123m2-venda-RS785000-id-87317815/
Condomínio ANIMA ,Rua Braga| 202 - Vila Lusitania| São Bernardo do Campo - SP,R$ 580.000,R$ 597,R$ 235,3,2,2,107,https://www.vivareal.com.br/imovel/apartamento-3-quartos-vila-lusitania-bairros-sao-bernardo-do-campo-com-garagem-107m2-venda-RS580000-id-89871906/
 ,Rua Brasil - Rudge Ramos| São Bernardo do Campo - SP,R$ 730.000,R$ 1.036,R$ 114,3,4,2,133,https://www.vivareal.com.br/imovel/apartamento-3-quartos-rudge-ramos-bairros-sao-bernardo-do-campo-com-garagem-133m2-venda-RS730000-id-85861410/
Condomínio VALERIA ,Rua Alto Noroeste| 26 - Paulicéia| São Bernardo do Campo - SP,R$ 140.000,R$ 210,R$ 45,1,1,1,38,https://www.vivareal.com.br/imovel/apartamento-1-quartos-pauliceia-bairros-sao-bernardo-do-campo-com-garagem-38m2-venda-RS140000-id-83839775/
 ,Ferrazópolis| São Bernardo do Campo - SP,R$ 195.000,R$ 320, ,2,1,1,56,https://www.vivareal.com.br/imovel/apartamento-2-quartos-ferrazopolis-bairros-sao-bernardo-do-campo-com-garagem-56m2-venda-RS195000-id-89642759/
 ,Rua José Versolato - Centro| São Bernardo do Campo - SP,R$ 710.000, , ,3,2,2,123,https://www.vivareal.com.br/imovel/apartamento-3-quartos-centro-bairros-sao-bernardo-do-campo-com-garagem-123m2-venda-RS710000-id-89748776/
Condomínio ALVES DIAS ,Avenida Humberto de Alencar Castelo Branco| 3451 - Assunção| São Bernardo do Campo - SP,R$ 260.000,R$ 420,R$ 60,2,2,1,58,https://www.vivareal.com.br/imovel/apartamento-2-quartos-assuncao-bairros-sao-bernardo-do-campo-com-garagem-58m2-venda-RS260000-id-87763771/
 ,Rua Tiradentes| 1847 - Santa Terezinha| São Bernardo do Campo - SP,R$ 211.900,R$ 350,R$ 80,2,1,1,53,https://www.vivareal.com.br/imovel/apartamento-2-quartos-santa-terezinha-bairros-sao-bernardo-do-campo-com-garagem-53m2-venda-RS211900-id-86558039/
Condomínio Castelo Roma ,Centro| São Bernardo do Campo - SP,R$ 625.000,R$ 390,R$ 1.100,3,3,2,100,https://www.vivareal.com.br/imovel/apartamento-3-quartos-centro-bairros-sao-bernardo-do-campo-com-garagem-100m2-venda-RS625000-id-89370510/
 ,Rua Engenheiro Isaac Garcêz| 100 - Rudge Ramos| São Bernardo do Campo - SP,R$ 408.000, , ,3,2,1,77,https://www.vivareal.com.br/imovel/apartamento-3-quartos-rudge-ramos-bairros-sao-bernardo-do-campo-com-garagem-77m2-venda-RS408000-id-89880124/
Condomínio COLLECTION SAO BERNARDO ,Avenida Presidente João Café Filho| 1691 - Dos Casa| São Bernardo do Campo - SP,R$ 320.000,R$ 303,R$ 63,2,1,1,48,https://www.vivareal.com.br/imovel/apartamento-2-quartos-dos-casa-bairros-sao-bernardo-do-campo-com-garagem-48m2-venda-RS320000-id-86694586/
 ,Rua da Pátria| 28 - Santa Terezinha| São Bernardo do Campo - SP,R$ 220.000, , ,1,1,1,40,https://www.vivareal.com.br/imovel/apartamento-1-quartos-santa-terezinha-bairros-sao-bernardo-do-campo-com-garagem-40m2-venda-RS220000-id-85845444/
Condomínio Helbor Family Garden ,Avenida das Nações Unidas| 1515 - Centro| São Bernardo do Campo - SP,R$ 640.000,R$ 450, ,3,3,2,95,https://www.vivareal.com.br/imovel/apartamento-3-quartos-centro-bairros-sao-bernardo-do-campo-com-garagem-95m2-venda-RS640000-id-88257072/
 ,Independência| São Bernardo do Campo - SP,R$ 307.325,R$ 420,R$ 900,3,1,1,64,https://www.vivareal.com.br/imovel/apartamento-3-quartos-independencia-bairros-sao-bernardo-do-campo-com-garagem-64m2-venda-RS307325-id-78645643/
Condomínio ARCADIA ,Rua Brasílio Machado| 533 - Centro| São Bernardo do Campo - SP,R$ 460.000,R$ 500, ,3,2,2,80,https://www.vivareal.com.br/imovel/apartamento-3-quartos-centro-bairros-sao-bernardo-do-campo-com-garagem-80m2-venda-RS460000-id-82427278/
Condomínio MORADA DEMARCHI ,Demarchi| São Bernardo do Campo - SP,R$ 220.000,R$ 299,R$ 62,2,1,1,48,https://www.vivareal.com.br/imovel/apartamento-2-quartos-demarchi-bairros-sao-bernardo-do-campo-com-garagem-48m2-venda-RS220000-id-88234280/
Condomínio Esthephanie ,Rudge Ramos| São Bernardo do Campo - SP,R$ 300.000,R$ 480, ,2,1,1,60,https://www.vivareal.com.br/imovel/apartamento-2-quartos-rudge-ramos-bairros-sao-bernardo-do-campo-com-garagem-60m2-venda-RS300000-id-86959025/
Condomínio SUIT SAO BERNARDO ,Avenida Dom Jaime de Barros Câmara| 335 - Planalto| São Bernardo do Campo - SP,R$ 260.000,R$ 320,R$ 120,2,1,1,56,https://www.vivareal.com.br/imovel/apartamento-2-quartos-planalto-bairros-sao-bernardo-do-campo-com-garagem-56m2-venda-RS260000-id-88119293/
Condomínio DOMO LIFE ,Avenida Aldino Pinotti| 500 - Centro| São Bernardo do Campo - SP,R$ 1.249.990,R$ 1.200,R$ 400,3,4,3,180,https://www.vivareal.com.br/imovel/apartamento-3-quartos-centro-bairros-sao-bernardo-do-campo-com-garagem-180m2-venda-RS1249990-id-84301129/
Condomínio Auge Home Resort ,Avenida Pereira Barreto| 1201 - Baeta Neves| São Bernardo do Campo - SP,R$ 680.000,R$ 688,R$ 2.060,3,3,2,106,https://www.vivareal.com.br/imovel/apartamento-3-quartos-baeta-neves-bairros-sao-bernardo-do-campo-com-garagem-106m2-venda-RS680000-id-88204131/
Condomínio MORADAS DEL VINO ,Centro| São Bernardo do Campo - SP,R$ 650.000,R$ 1.000, ,3,3,4,115,https://www.vivareal.com.br/imovel/apartamento-3-quartos-centro-bairros-sao-bernardo-do-campo-com-garagem-115m2-venda-RS650000-id-83663315/
Condomínio Auge Home Resort ,Centro| São Bernardo do Campo - SP,R$ 755.000,R$ 800,R$ 160,4,4,2,147,https://www.vivareal.com.br/imovel/apartamento-4-quartos-centro-bairros-sao-bernardo-do-campo-com-garagem-147m2-venda-RS755000-id-85857344/
 ,Demarchi| São Bernardo do Campo - SP,R$ 201.400,R$ 330,R$ 45,2,1,1,51,https://www.vivareal.com.br/imovel/apartamento-2-quartos-demarchi-bairros-sao-bernardo-do-campo-com-garagem-51m2-venda-RS201400-id-89502628/
